{
  "moodle-mod_progcontest-util": {
    "requires": [
        "node", "moodle-core-actionmenu"
    ],
    "use": [
        "moodle-mod_progcontest-util-base"
    ],
    "submodules": {
        "moodle-mod_progcontest-util-base": {
        },
        "moodle-mod_progcontest-util-slot": {
            "requires": [
                "node",
                "moodle-mod_progcontest-util-base"
            ]
        },
        "moodle-mod_progcontest-util-page": {
            "requires": [
                "node",
                "moodle-mod_progcontest-util-base"
            ]
        }
    }
  }
}
